<?xml version="1.0" encoding="UTF-8"?>
<!-- Generated by eXe - http://exelearning.net -->
<manifest identifier="eXetarea_23647ee5e627ce6b8e671" 
xmlns:xsi="http://www.w3.org/2001/XMLSchema-instance" 
xmlns:adlcp="http://www.adlnet.org/xsd/adlcp_v1p3" 
xmlns:adlseq="http://www.adlnet.org/xsd/adlseq_v1p3" 
xmlns:adlnav="http://www.adlnet.org/xsd/adlnav_v1p3" 
xmlns:imsss="http://www.imsglobal.org/xsd/imsss" 
xmlns:lom="http://ltsc.ieee.org/xsd/LOM" 
xmlns:lomes="http://ltsc.ieee.org/xsd/LOM" 
xmlns="http://www.imsglobal.org/xsd/imscp_v1p1" 
xsi:schemaLocation="http://www.imsglobal.org/xsd/imscp_v1p1 imscp_v1p1.xsd http://ltsc.ieee.org/xsd/LOM lomCustom.xsd http://www.adlnet.org/xsd/adlcp_v1p3 adlcp_v1p3.xsd  http://www.imsglobal.org/xsd/imsss imsss_v1p0.xsd  http://www.adlnet.org/xsd/adlseq_v1p3 adlseq_v1p3.xsd http://www.adlnet.org/xsd/adlnav_v1p3 adlnav_v1p3.xsd"> 
<metadata> 
 <schema>ADL SCORM</schema> 
 <schemaversion>2004 4th Edition</schemaversion> 
 <adlcp:location>imslrm.xml</adlcp:location> 
</metadata> 
<organizations default="eXetarea_23647ee5e627ce6b8e672">  
    <organization identifier="eXetarea_23647ee5e627ce6b8e672" structure="hierarchical">
        <title>Un viaje por las vocales</title>
<item identifier="ITEM-eXetarea_23647ee5e627ce6b8e673" isvisible="true">
    <title>Inicio</title>
<item identifier="ITEM-eXetarea_23647ee5e627ce6b8e674" isvisible="true" identifierref="RES-eXetarea_23647ee5e627ce6b8e675">
    <title>Inicio</title>
</item>
<item identifier="ITEM-eXetarea_23647ee5e627ce6b8e696" isvisible="true" identifierref="RES-eXetarea_23647ee5e627ce6b8e697">
    <title>Propósitos</title>
</item>
<item identifier="ITEM-eXetarea_23647ee5e627ce6b8e6b8" isvisible="true" identifierref="RES-eXetarea_23647ee5e627ce6b8e6b9">
    <title>Las vocales</title>
</item>
<item identifier="ITEM-eXetarea_23647ee5e627ce6b8e6fa" isvisible="true">
    <title>Un personaje oculto que es un animal</title>
<item identifier="ITEM-eXetarea_23647ee5e627ce6b8e6fb" isvisible="true" identifierref="RES-eXetarea_23647ee5e627ce6b8e6fc">
    <title>Un personaje oculto que es un animal</title>
</item>
<item identifier="ITEM-eXetarea_23647ee5e627ce6b8e74d" isvisible="true" identifierref="RES-eXetarea_23647ee5e627ce6b8e74e">
    <title>Murciélago</title>
</item>
  <imsss:sequencing>
    <imsss:controlMode choice="true" choiceExit="true" flow="true" forwardOnly="false"/>
  </imsss:sequencing></item>
<item identifier="ITEM-eXetarea_23647ee5e627ce6b8e75f" isvisible="true" identifierref="RES-eXetarea_23647ee5e627ce6b8e7510">
    <title>¿Qué escondió el murciélago?</title>
</item>
<item identifier="ITEM-eXetarea_23647ee5e627ce6b8e7911" isvisible="true" identifierref="RES-eXetarea_23647ee5e627ce6b8e7912">
    <title>Actividad de cierre</title>
</item>
<item identifier="ITEM-eXetarea_23647ee5e627ce6b8e8013" isvisible="true" identifierref="RES-eXetarea_23647ee5e627ce6b8e8014">
    <title>Licencia- Créditos</title>
</item>
<item identifier="ITEM-eXetarea_23647ee5e627ce6b8e8215" isvisible="true" identifierref="RES-eXetarea_23647ee5e627ce6b8e8216">
    <title>Ficha</title>
</item>
  <imsss:sequencing>
    <imsss:controlMode choice="true" choiceExit="true" flow="true" forwardOnly="false"/>
  </imsss:sequencing></item>
  <imsss:sequencing>
    <imsss:controlMode choice="true" choiceExit="true" flow="true" forwardOnly="false"/>
  </imsss:sequencing>  </organization>
</organizations>
<resources>
  <resource identifier="RES-eXetarea_23647ee5e627ce6b8e675" type="webcontent" adlcp:scormType="sco" href="index.html"> 
    <file href="index.html"/> 
    <file href="exe_html5.js"/>
    <file href="murcielago.png"/>
    <file href="common.js"/>
    <dependency identifierref="COMMON_FILES"/>
  </resource>
  <resource identifier="RES-eXetarea_23647ee5e627ce6b8e697" type="webcontent" adlcp:scormType="sco" href="propsitos.html"> 
    <file href="propsitos.html"/> 
    <file href="exe_html5.js"/>
    <file href="img0.png"/>
    <dependency identifierref="COMMON_FILES"/>
  </resource>
  <resource identifier="RES-eXetarea_23647ee5e627ce6b8e6b9" type="webcontent" adlcp:scormType="sco" href="las_vocales.html"> 
    <file href="las_vocales.html"/> 
    <file href="exe_html5.js"/>
    <file href="633px-Elephant.pair.750pix.jpg"/>
    <file href="abeja_mielera[1].jpg"/>
    <file href="uvas.jpg"/>
    <file href="isla.jpg"/>
    <file href="OVEJA.jpg"/>
    <file href="exequextaudio.png"/>
    <file href="exequextcursor.gif"/>
    <file href="exequextfull.png"/>
    <file href="exequexthits.png"/>
    <file href="exequextlive.png"/>
    <file href="exequextlost.png"/>
    <file href="exequextmin.png"/>
    <file href="exequextmoveon.png"/>
    <file href="exequextnormal.png"/>
    <file href="exequextnumber.png"/>
    <file href="exequextone.png"/>
    <file href="exequextpause.png"/>
    <file href="exequextplayvideo.png"/>
    <file href="exequextreload.png"/>
    <file href="exequextreply.png"/>
    <file href="exequextrerrors.png"/>
    <file href="exequextrosco.png"/>
    <file href="exequextroscomin.png"/>
    <file href="exequextroscorows.png"/>
    <file href="exequextscore.png"/>
    <file href="exequexttime.png"/>
    <file href="exequexttwo.png"/>
    <file href="exequextvideo.png"/>
    <file href="exequextwon.png"/>
    <file href="rosco-activity.css"/>
    <file href="rosco-activity.js"/>
    <file href="rosco-icon.png"/>
    <file href="roscoHome.png"/>
    <file href="roscoHomeImage.png"/>
    <dependency identifierref="COMMON_FILES"/>
  </resource>
  <resource identifier="RES-eXetarea_23647ee5e627ce6b8e6fc" type="webcontent" adlcp:scormType="sco" href="un_personaje_oculto_que_es_un_animal.html"> 
    <file href="un_personaje_oculto_que_es_un_animal.html"/> 
    <file href="exe_html5.js"/>
    <file href="picnic_murcielago.png"/>
    <file href="stock-stop.png"/>
    <file href="panel-amusements.png"/>
    <file href="common.js"/>
    <dependency identifierref="COMMON_FILES"/>
  </resource>
  <resource identifier="RES-eXetarea_23647ee5e627ce6b8e74e" type="webcontent" adlcp:scormType="sco" href="murcilago.html"> 
    <file href="murcilago.html"/> 
    <file href="exe_html5.js"/>
    <file href="murcielago_3.png"/>
    <file href="common.js"/>
    <dependency identifierref="COMMON_FILES"/>
  </resource>
  <resource identifier="RES-eXetarea_23647ee5e627ce6b8e7510" type="webcontent" adlcp:scormType="sco" href="qu_escondi_el_murcilago.html"> 
    <file href="qu_escondi_el_murcilago.html"/> 
    <file href="exe_html5.js"/>
    <file href="stock-stop.png"/>
    <file href="murcielago.png"/>
    <file href="APLAUSOS.jpg"/>
    <file href="panel-amusements.png"/>
    <file href="common.js"/>
    <dependency identifierref="COMMON_FILES"/>
  </resource>
  <resource identifier="RES-eXetarea_23647ee5e627ce6b8e7912" type="webcontent" adlcp:scormType="sco" href="actividad_de_cierre.html"> 
    <file href="actividad_de_cierre.html"/> 
    <file href="exe_html5.js"/>
    <file href="OLA.png"/>
    <file href="ARANA.jpg"/>
    <file href="IMAN.png"/>
    <file href="common.js"/>
    <file href="Diseno_sin_titulo_(3).png"/>
    <file href="panel-amusements.png"/>
    <file href="U.png"/>
    <file href="stock-stop.png"/>
    <file href="ESCALERA.png"/>
    <dependency identifierref="COMMON_FILES"/>
  </resource>
  <resource identifier="RES-eXetarea_23647ee5e627ce6b8e8014" type="webcontent" adlcp:scormType="sco" href="licencia_crditos.html"> 
    <file href="licencia_crditos.html"/> 
    <file href="exe_html5.js"/>
    <file href="ccommons.jpg"/>
    <file href="common.js"/>
    <dependency identifierref="COMMON_FILES"/>
  </resource>
  <resource identifier="RES-eXetarea_23647ee5e627ce6b8e8216" type="webcontent" adlcp:scormType="sco" href="ficha.html"> 
    <file href="ficha.html"/> 
    <file href="exe_html5.js"/>
    <file href="common.js"/>
    <dependency identifierref="COMMON_FILES"/>
  </resource>
  <resource identifier="COMMON_FILES" type="webcontent" adlcp:scormType="asset">
    <file href="config.xml"/>
    <file href="content.css"/>
    <file href="icon_agreement.png"/>
    <file href="icon_alert.png"/>
    <file href="icon_arts.png"/>
    <file href="icon_attached.png"/>
    <file href="icon_cabinet.png"/>
    <file href="icon_calc.png"/>
    <file href="icon_collaborative.png"/>
    <file href="icon_competencies.png"/>
    <file href="icon_diary.png"/>
    <file href="icon_download.png"/>
    <file href="icon_english.png"/>
    <file href="icon_experiment.png"/>
    <file href="icon_geography.png"/>
    <file href="icon_history.png"/>
    <file href="icon_info.png"/>
    <file href="icon_java.png"/>
    <file href="icon_letters.png"/>
    <file href="icon_magnifier.png"/>
    <file href="icon_math.png"/>
    <file href="icon_music.png"/>
    <file href="icon_nature.png"/>
    <file href="icon_objective.png"/>
    <file href="icon_picture.png"/>
    <file href="icon_piece.png"/>
    <file href="icon_preknowledge.png"/>
    <file href="icon_question.png"/>
    <file href="icon_reading.png"/>
    <file href="icon_reflection.png"/>
    <file href="icon_rss.png"/>
    <file href="icon_share.png"/>
    <file href="icon_sport.png"/>
    <file href="icon_task.png"/>
    <file href="icon_technology.png"/>
    <file href="icon_theater.png"/>
    <file href="icon_think.png"/>
    <file href="icon_tool.png"/>
    <file href="icon_wikipedia.png"/>
    <file href="icon_write.png"/>
    <file href="nav.css"/>
    <file href="open-sans-bold.woff"/>
    <file href="open-sans-bold.woff2"/>
    <file href="open-sans.woff"/>
    <file href="open-sans.woff2"/>
    <file href="_style_icons.png"/>
    <file href="_style_idevice_header.gif"/>
    <file href="_style_js.js"/>
    <file href="base.css"/>
    <file href="popup_bg.gif"/>
    <file href="exe_powered_logo.png"/>
    <file href="SCORM_API_wrapper.js"/>
    <file href="SCOFunctions.js"/>
    <file href="common.js"/>
    <file href="common_i18n.js"/>
    <file href="exe_jquery.js"/>
    <file href="content.xsd"/>
    <file href="content.data"/>
    <file href="contentv3.xml"/>
    <file href="imslrm.xml"/>
  </resource>
</resources>
</manifest>
